date,EggDi,Family,ID,eggmass,original,current
7/17/2017,0.074,W128.1,W128.1C320C32ppt,1,20C32ppt,20C32ppt
7/17/2017,0.082,W128.1,W128.1C320C32ppt,1,20C32ppt,20C32ppt
7/17/2017,0.087,W128.1,W128.1C320C32ppt,1,20C32ppt,20C32ppt
7/17/2017,0.11,W128.2,W128.2A320C32ppt,1,20C32ppt,20C32ppt
7/17/2017,0.119,W128.2,W128.2A320C32ppt,1,20C32ppt,20C32ppt
7/17/2017,0.12,W128.2,W128.2A320C32ppt,1,20C32ppt,20C32ppt
7/17/2017,0.068,W128.2,W128.2C320C16ppt,1,20C16ppt,20C16ppt
7/17/2017,0.07,W128.2,W128.2C320C16ppt,1,20C16ppt,20C16ppt
7/17/2017,0.076,W128.2,W128.2C320C16ppt,1,20C16ppt,20C16ppt
7/17/2017,0.072,W128.2,W128.2C320C16ppt,2,20C16ppt,20C16ppt
7/17/2017,0.073,W128.2,W128.2C320C16ppt,2,20C16ppt,20C16ppt
7/17/2017,0.076,W128.2,W128.2C320C16ppt,2,20C16ppt,20C16ppt
7/17/2017,0.072,W131.3,W131.3A120C16ppt,3,20C16ppt,20C16ppt
7/17/2017,0.078,W131.3,W131.3A120C16ppt,3,20C16ppt,20C16ppt
7/17/2017,0.078,W131.3,W131.3A120C16ppt,4,20C16ppt,20C16ppt
7/17/2017,0.083,W131.3,W131.3A120C16ppt,4,20C16ppt,20C16ppt
7/17/2017,0.077,W131.3,W131.3B220C32ppt,2,20C32ppt,20C32ppt
7/17/2017,0.086,W131.3,W131.3B220C32ppt,2,20C32ppt,20C32ppt
7/17/2017,0.063,W131.3,W131.3C220C32ppt,1,20C32ppt,20C32ppt
7/17/2017,0.067,W131.3,W131.3C220C32ppt,1,20C32ppt,20C32ppt
7/17/2017,0.067,W132,W132A220C16ppt,1,20C16ppt,20C16ppt
7/17/2017,0.069,W132,W132A220C16ppt,1,20C16ppt,20C16ppt
7/17/2017,0.071,W132,W132A220C16ppt,1,20C16ppt,20C16ppt
7/17/2017,0.058,W132,W132B220C16ppt,1,20C16ppt,20C16ppt
7/17/2017,0.061,W132,W132B220C16ppt,1,20C16ppt,20C16ppt
7/17/2017,0.071,W132,W132B220C16ppt,1,20C16ppt,20C16ppt
7/17/2017,0.069,W132,W132B220C16ppt,2,20C16ppt,20C16ppt
7/17/2017,0.072,W132,W132B220C16ppt,2,20C16ppt,20C16ppt
7/17/2017,0.07,W132,W132C120C16ppt,1,20C16ppt,20C16ppt
7/17/2017,0.072,W132,W132C120C16ppt,1,20C16ppt,20C16ppt
7/17/2017,0.079,W132,W132C120C16ppt,1,20C16ppt,20C16ppt
7/17/2017,0.108,W132,W132C120C16ppt,1,20C16ppt,20C16ppt
7/17/2017,0.113,W132,W132C120C16ppt,1,20C16ppt,20C16ppt
7/17/2017,0.063,W132,W132C420C16ppt,1,20C16ppt,20C16ppt
7/17/2017,0.068,W132,W132C420C16ppt,1,20C16ppt,20C16ppt
7/17/2017,0.07,W132,W132C420C16ppt,1,20C16ppt,20C16ppt
7/18/2017,0.087,W128,W128.1C320C32ppt,1,20C32ppt,20C32ppt
7/18/2017,0.082,W128,W128.1C320C32ppt,1,20C32ppt,20C32ppt
7/18/2017,0.074,W128,W128.1C320C32ppt,1,20C32ppt,20C32ppt
7/18/2017,0.11,W128,W128.2A320C32ppt,1,20C32ppt,20C32ppt
7/18/2017,0.12,W128,W128.2A320C32ppt,1,20C32ppt,20C32ppt
7/18/2017,0.119,W128,W128.2A320C32ppt,1,20C32ppt,20C32ppt
7/18/2017,0.076,W128,W128.2C320C16ppt,1,20C16ppt,20C16ppt
7/18/2017,0.068,W128,W128.2C320C16ppt,1,20C16ppt,20C16ppt
7/18/2017,0.07,W128,W128.2C320C16ppt,1,20C16ppt,20C16ppt
7/18/2017,0.073,W128,W128.2C320C16ppt,2,20C16ppt,20C16ppt
7/18/2017,0.076,W128,W128.2C320C16ppt,2,20C16ppt,20C16ppt
7/18/2017,0.072,W128,W128.2C320C16ppt,2,20C16ppt,20C16ppt
7/18/2017,0.078,W131,W131.3A120C16ppt,3,20C16ppt,20C16ppt
7/18/2017,0.072,W131,W131.3A120C16ppt,3,20C16ppt,20C16ppt
7/18/2017,0.078,W131,W131.3A120C16ppt,4,20C16ppt,20C16ppt
7/18/2017,0.083,W131,W131.3A120C16ppt,4,20C16ppt,20C16ppt
7/18/2017,0.086,W131,W131.3B220C32ppt,2,20C32ppt,20C32ppt
7/18/2017,0.077,W131,W131.3B220C32ppt,2,20C32ppt,20C32ppt
7/18/2017,0.067,W131,W131.3C220C32ppt,1,20C32ppt,20C32ppt
7/18/2017,0.063,W131,W131.3C220C32ppt,1,20C32ppt,20C32ppt
7/18/2017,0.069,W132,W132A220C16ppt,1,20C16ppt,20C16ppt
7/18/2017,0.067,W132,W132A220C16ppt,1,20C16ppt,20C16ppt
7/18/2017,0.071,W132,W132A220C16ppt,1,20C16ppt,20C16ppt
7/18/2017,0.061,W132,W132B220C16ppt,1,20C16ppt,20C16ppt
7/18/2017,0.071,W132,W132B220C16ppt,1,20C16ppt,20C16ppt
7/18/2017,0.058,W132,W132B220C16ppt,1,20C16ppt,20C16ppt
7/18/2017,0.069,W132,W132B220C16ppt,2,20C16ppt,20C16ppt
7/18/2017,0.072,W132,W132B220C16ppt,2,20C16ppt,20C16ppt
7/18/2017,0.108,W132,W132C120C16ppt,1,20C16ppt,20C16ppt
7/18/2017,0.079,W132,W132C120C16ppt,1,20C16ppt,20C16ppt
7/18/2017,0.07,W132,W132C120C16ppt,1,20C16ppt,20C16ppt
7/18/2017,0.113,W132,W132C120C16ppt,1,20C16ppt,20C16ppt
7/18/2017,0.072,W132,W132C120C16ppt,1,20C16ppt,20C16ppt
7/18/2017,0.07,W132,W132C420C16ppt,1,20C16ppt,20C16ppt
7/18/2017,0.063,W132,W132C420C16ppt,1,20C16ppt,20C16ppt
7/18/2017,0.068,W132,W132C420C16ppt,1,20C16ppt,20C16ppt
7/28/2017,0.064,W129.1,W129.1A420C16ppt,1,20C16ppt,20C16ppt
7/28/2017,0.071,W129.1,W129.1A420C16ppt,1,20C16ppt,20C16ppt
7/28/2017,0.066,W129.1,W129.1B420C16ppt,1,20C16ppt,20C16ppt
7/28/2017,0.067,W129.1,W129.1B420C16ppt,1,20C16ppt,20C16ppt
7/28/2017,0.068,W129.1,W129.1B420C16ppt,1,20C16ppt,20C16ppt
7/28/2017,0.07,W129.1,W129.1B420C16ppt,2,20C16ppt,20C16ppt
7/28/2017,0.071,W129.1,W129.1B420C16ppt,2,20C16ppt,20C16ppt
7/28/2017,0.074,W129.1,W129.1B420C16ppt,2,20C16ppt,20C16ppt
7/28/2017,0.065,W129.1,W129.1B420C16ppt,3,20C16ppt,20C16ppt
7/28/2017,0.066,W130,W130A320C32ppt,2,20C32ppt,20C32ppt
7/28/2017,0.067,W130,W130A320C32ppt,2,20C32ppt,20C32ppt
7/28/2017,0.068,W130,W130A320C32ppt,2,20C32ppt,20C32ppt
7/28/2017,0.066,W130,W130A320C32ppt,3,20C32ppt,20C32ppt
7/28/2017,0.076,W130,W130A320C32ppt,3,20C32ppt,20C32ppt
7/28/2017,0.065,W130,W130B320C32ppt,1,20C32ppt,20C32ppt
7/28/2017,0.068,W130,W130B320C32ppt,2,20C32ppt,20C32ppt
7/28/2017,0.068,W130,W130C220C16ppt,1,20C16ppt,20C16ppt
7/28/2017,0.073,W130,W130C220C16ppt,1,20C16ppt,20C16ppt
7/28/2017,0.073,W130,W130C220C16ppt,1,20C16ppt,20C16ppt
8/2/2017,0.064,W129.1,W129.1C320C16ppt,1,20C16ppt,20C16ppt
8/2/2017,0.067,W129.1,W129.1C320C16ppt,1,20C16ppt,20C16ppt
8/2/2017,0.067,W129.1,W129.1C320C16ppt,1,20C16ppt,20C16ppt
8/2/2017,0.069,W129.1,W129.1C320C16ppt,1,20C16ppt,20C16ppt
8/2/2017,0.073,W129.1,W129.1C320C16ppt,1,20C16ppt,20C16ppt
8/2/2017,0.055,W129,W129A220C32ppt,2,20C32ppt,20C32ppt
8/2/2017,0.056,W129,W129A220C32ppt,2,20C32ppt,20C32ppt
8/2/2017,0.059,W129,W129A220C32ppt,2,20C32ppt,20C32ppt
8/2/2017,0.06,W129,W129A220C32ppt,2,20C32ppt,20C32ppt
8/2/2017,0.061,W129,W129A220C32ppt,2,20C32ppt,20C32ppt
8/2/2017,0.061,W132,W132B320C16ppt,2,20C16ppt,20C16ppt
8/2/2017,0.061,W132,W132B320C16ppt,2,20C16ppt,20C16ppt
8/2/2017,0.063,W132,W132B320C16ppt,2,20C16ppt,20C16ppt
8/2/2017,0.065,W132,W132B320C16ppt,2,20C16ppt,20C16ppt
8/2/2017,0.067,W132,W132B320C16ppt,2,20C16ppt,20C16ppt
8/2/2017,0.054,W133.1,W133.1A320C16ppt,2,20C16ppt,20C16ppt
8/2/2017,0.058,W133.1,W133.1A320C16ppt,2,20C16ppt,20C16ppt
8/2/2017,0.061,W133.1,W133.1A320C16ppt,2,20C16ppt,20C16ppt
8/2/2017,0.062,W133.1,W133.1A320C16ppt,2,20C16ppt,20C16ppt
8/2/2017,0.065,W133.1,W133.1A320C16ppt,2,20C16ppt,20C16ppt
8/2/2017,0.064,W133,W133A420C32ppt,1,20C32ppt,20C32ppt
8/2/2017,0.066,W133,W133A420C32ppt,1,20C32ppt,20C32ppt
8/2/2017,0.068,W133,W133A420C32ppt,1,20C32ppt,20C32ppt
8/2/2017,0.075,W133,W133A420C32ppt,1,20C32ppt,20C32ppt
8/7/2017,0.061,W128.2,W128.2C420C16ppt,1,20C16ppt,20C32ppt
8/7/2017,0.066,W128.2,W128.2C420C16ppt,1,20C16ppt,20C32ppt
8/7/2017,0.067,W128.2,W128.2C420C16ppt,1,20C16ppt,20C32ppt
8/7/2017,0.068,W128.2,W128.2C420C16ppt,1,20C16ppt,20C32ppt
8/7/2017,0.072,W128.2,W128.2C420C16ppt,1,20C16ppt,20C32ppt
8/7/2017,0.056,W128.3,W128.3C120C16ppt,1,20C16ppt,20C32ppt
8/7/2017,0.06,W128.3,W128.3C120C16ppt,1,20C16ppt,20C32ppt
8/7/2017,0.063,W128.3,W128.3C120C16ppt,1,20C16ppt,20C32ppt
8/7/2017,0.065,W128.3,W128.3C120C16ppt,1,20C16ppt,20C32ppt
8/7/2017,0.067,W128.3,W128.3C120C16ppt,1,20C16ppt,20C32ppt
8/7/2017,0.059,W128.3,W128.3C120C16ppt,2,20C16ppt,20C32ppt
8/7/2017,0.059,W128.3,W128.3C120C16ppt,2,20C16ppt,20C32ppt
8/7/2017,0.062,W128.3,W128.3C120C16ppt,2,20C16ppt,20C32ppt
8/7/2017,0.063,W128.3,W128.3C120C16ppt,2,20C16ppt,20C32ppt
8/7/2017,0.064,W128.3,W128.3C120C16ppt,2,20C16ppt,20C32ppt
8/7/2017,0.064,W129.1,W129.1C320C16ppt,1,20C16ppt,20C16ppt
8/7/2017,0.067,W129.1,W129.1C320C16ppt,1,20C16ppt,20C16ppt
8/7/2017,0.067,W129.1,W129.1C320C16ppt,1,20C16ppt,20C16ppt
8/7/2017,0.069,W129.1,W129.1C320C16ppt,1,20C16ppt,20C16ppt
8/7/2017,0.073,W129.1,W129.1C320C16ppt,1,20C16ppt,20C16ppt
8/7/2017,0.058,W129,W129A220C32ppt,1,20C32ppt,20C16ppt
8/7/2017,0.062,W129,W129A220C32ppt,1,20C32ppt,20C16ppt
8/7/2017,0.064,W129,W129A220C32ppt,1,20C32ppt,20C16ppt
8/7/2017,0.064,W129,W129A220C32ppt,1,20C32ppt,20C16ppt
8/7/2017,0.065,W129,W129A220C32ppt,1,20C32ppt,20C16ppt
8/7/2017,0.068,W129,W129A220C32ppt,1,20C32ppt,20C16ppt
8/7/2017,0.055,W129,W129A220C32ppt,2,20C32ppt,20C32ppt
8/7/2017,0.056,W129,W129A220C32ppt,2,20C32ppt,20C32ppt
8/7/2017,0.059,W129,W129A220C32ppt,2,20C32ppt,20C32ppt
8/7/2017,0.06,W129,W129A220C32ppt,2,20C32ppt,20C32ppt
8/7/2017,0.061,W129,W129A220C32ppt,2,20C32ppt,20C32ppt
8/7/2017,0.063,W130,W130C220C16ppt,1,20C16ppt,20C32ppt
8/7/2017,0.066,W130,W130C220C16ppt,1,20C16ppt,20C32ppt
8/7/2017,0.068,W130,W130C220C16ppt,1,20C16ppt,20C32ppt
8/7/2017,0.059,W130,W130C420C16ppt,1,20C16ppt,20C32ppt
8/7/2017,0.059,W130,W130C420C16ppt,1,20C16ppt,20C32ppt
8/7/2017,0.06,W130,W130C420C16ppt,1,20C16ppt,20C32ppt
8/7/2017,0.063,W130,W130C420C16ppt,1,20C16ppt,20C32ppt
8/7/2017,0.065,W130,W130C420C16ppt,1,20C16ppt,20C32ppt
8/7/2017,0.061,W132,W132B320C16ppt,2,20C16ppt,20C16ppt
8/7/2017,0.061,W132,W132B320C16ppt,2,20C16ppt,20C16ppt
8/7/2017,0.063,W132,W132B320C16ppt,2,20C16ppt,20C16ppt
8/7/2017,0.065,W132,W132B320C16ppt,2,20C16ppt,20C16ppt
8/7/2017,0.067,W132,W132B320C16ppt,2,20C16ppt,20C16ppt
8/7/2017,0.054,W133.1,W133.1A320C16ppt,2,20C16ppt,20C16ppt
8/7/2017,0.058,W133.1,W133.1A320C16ppt,2,20C16ppt,20C16ppt
8/7/2017,0.061,W133.1,W133.1A320C16ppt,2,20C16ppt,20C16ppt
8/7/2017,0.062,W133.1,W133.1A320C16ppt,2,20C16ppt,20C16ppt
8/7/2017,0.065,W133.1,W133.1A320C16ppt,2,20C16ppt,20C16ppt
8/7/2017,0.064,W133,W133A420C32ppt,1,20C32ppt,20C32ppt
8/7/2017,0.066,W133,W133A420C32ppt,1,20C32ppt,20C32ppt
8/7/2017,0.068,W133,W133A420C32ppt,1,20C32ppt,20C32ppt
8/7/2017,0.075,W133,W133A420C32ppt,1,20C32ppt,20C32ppt
8/8/2017,0.059,W128.1,W128.1A320C16ppt,1,20C16ppt,20C32ppt
8/8/2017,0.06,W128.1,W128.1A320C16ppt,1,20C16ppt,20C32ppt
8/8/2017,0.066,W128.1,W128.1A320C16ppt,1,20C16ppt,20C32ppt
8/8/2017,0.067,W128.1,W128.1A320C16ppt,1,20C16ppt,20C32ppt
8/8/2017,0.072,W128.1,W128.1A320C16ppt,1,20C16ppt,20C32ppt
8/8/2017,0.056,W129.1,W129.1C420C16ppt,1,20C16ppt,20C32ppt
8/8/2017,0.064,W129.1,W129.1C420C16ppt,1,20C16ppt,20C32ppt
8/8/2017,0.064,W129.1,W129.1C420C16ppt,1,20C16ppt,20C32ppt
8/8/2017,0.065,W129.1,W129.1C420C16ppt,1,20C16ppt,20C32ppt
8/8/2017,0.072,W129.1,W129.1C420C16ppt,1,20C16ppt,20C32ppt
8/8/2017,0.067,W131.1,W131.1A420C16ppt,1,20C16ppt,20C32ppt
8/8/2017,0.069,W131.1,W131.1A420C16ppt,1,20C16ppt,20C32ppt
8/8/2017,0.072,W131.1,W131.1A420C16ppt,1,20C16ppt,20C32ppt
8/8/2017,0.075,W131.1,W131.1A420C16ppt,1,20C16ppt,20C32ppt
8/8/2017,0.084,W131.1,W131.1A420C16ppt,1,20C16ppt,20C32ppt
8/8/2017,0.101,W133,W133A320C32ppt,1,20C32ppt,20C16ppt
8/8/2017,0.105,W133,W133A320C32ppt,1,20C32ppt,20C16ppt
8/8/2017,0.109,W133,W133A320C32ppt,1,20C32ppt,20C16ppt
8/8/2017,0.111,W133,W133A320C32ppt,1,20C32ppt,20C16ppt
8/8/2017,0.112,W133,W133A320C32ppt,1,20C32ppt,20C16ppt
8/8/2017,0.065,W134,W134A120C32ppt,1,20C32ppt,20C16ppt
8/8/2017,0.067,W134,W134A120C32ppt,1,20C32ppt,20C16ppt
8/8/2017,0.067,W134,W134A120C32ppt,1,20C32ppt,20C16ppt
8/8/2017,0.07,W134,W134A120C32ppt,1,20C32ppt,20C16ppt
8/8/2017,0.07,W134,W134A120C32ppt,1,20C32ppt,20C16ppt
8/15/2017,0.11,W132,W132C120C16ppt,1,20C16ppt,20C32ppt
8/15/2017,0.115,W132,W132C120C16ppt,1,20C16ppt,20C32ppt
8/15/2017,0.117,W132,W132C120C16ppt,1,20C16ppt,20C32ppt
8/15/2017,0.125,W132,W132C120C16ppt,1,20C16ppt,20C32ppt
8/15/2017,0.117,W132,W132C120C16ppt,1,20C16ppt,20C32ppt
8/15/2017,0.11,W132,W132C120C16ppt,1,20C16ppt,20C32ppt
8/15/2017,0.115,W132,W132C120C16ppt,1,20C16ppt,20C32ppt
8/15/2017,0.125,W132,W132C120C16ppt,1,20C16ppt,20C32ppt
8/15/2017,0.107,W132,W132C120C16ppt,2,20C16ppt,20C32ppt
8/15/2017,0.113,W132,W132C120C16ppt,2,20C16ppt,20C32ppt
8/15/2017,0.107,W132,W132C120C16ppt,2,20C16ppt,20C32ppt
8/15/2017,0.113,W132,W132C120C16ppt,2,20C16ppt,20C32ppt
8/15/2017,0.1,W133.2,W133.2B320C16ppt,1,20C16ppt,20C32ppt
8/15/2017,0.107,W133.2,W133.2B320C16ppt,1,20C16ppt,20C32ppt
8/15/2017,0.107,W133,W133.2B320C16ppt,1,20C16ppt,20C32ppt
8/15/2017,0.1,W133,W133.2B320C16ppt,1,20C16ppt,20C32ppt
8/15/2017,0.095,W133,W133.2B320C16ppt,2,20C16ppt,20C32ppt
8/15/2017,0.107,W133,W133.2B320C16ppt,2,20C16ppt,20C32ppt
8/15/2017,0.088,W133,W133.2B320C16ppt,3,20C16ppt,20C32ppt
8/15/2017,0.084,W133,W133.2B320C16ppt,3,20C16ppt,20C32ppt
8/15/2017,0.095,W133.2,W133.2B320C16ppt,2,20C16ppt,20C32ppt
8/15/2017,0.107,W133.2,W133.2B320C16ppt,2,20C16ppt,20C32ppt
8/15/2017,0.084,W133.2,W133.2B320C16ppt,3,20C16ppt,20C32ppt
8/15/2017,0.088,W133.2,W133.2B320C16ppt,3,20C16ppt,20C32ppt
8/15/2017,0.108,W133,W133A320C32ppt,1,20C32ppt,20C16ppt
8/15/2017,0.108,W133,W133A320C32ppt,1,20C32ppt,20C16ppt
8/15/2017,0.107,W133,W133A320C32ppt,2,20C32ppt,20C16ppt
8/15/2017,0.11,W133,W133A320C32ppt,2,20C32ppt,20C16ppt
8/15/2017,0.124,W133,W133A320C32ppt,3,20C32ppt,20C16ppt
8/15/2017,0.107,W133,W133A320C32ppt,4,20C32ppt,20C16ppt
8/15/2017,0.117,W133,W133A320C32ppt,4,20C32ppt,20C16ppt
8/15/2017,0.107,W133,W133A320C32ppt,2,20C32ppt,20C16ppt
8/15/2017,0.11,W133,W133A320C32ppt,2,20C32ppt,20C16ppt
8/15/2017,0.124,W133,W133A320C32ppt,3,20C32ppt,20C16ppt
8/15/2017,0.107,W133,W133A320C32ppt,4,20C32ppt,20C16ppt
8/15/2017,0.117,W133,W133A320C32ppt,4,20C32ppt,20C16ppt
8/15/2017,0.07,W133,W133C120C32ppt,1,20C32ppt,20C16ppt
8/15/2017,0.073,W133,W133C120C32ppt,1,20C32ppt,20C16ppt
8/15/2017,0.074,W133,W133C120C32ppt,1,20C32ppt,20C16ppt
8/15/2017,0.074,W133,W133C120C32ppt,1,20C32ppt,20C16ppt
8/15/2017,0.073,W133,W133C120C32ppt,1,20C32ppt,20C16ppt
8/15/2017,0.07,W133,W133C120C32ppt,1,20C32ppt,20C16ppt
8/15/2017,0.077,W133,W133C120C32ppt,3,20C32ppt,20C16ppt
8/15/2017,0.069,W133,W133C120C32ppt,3,20C32ppt,20C16ppt
8/15/2017,0.073,W133,W133C120C32ppt,4,20C32ppt,20C16ppt
8/15/2017,0.071,W133,W133C120C32ppt,4,20C32ppt,20C16ppt
8/15/2017,0.069,W133,W133C120C32ppt,3,20C32ppt,20C16ppt
8/15/2017,0.077,W133,W133C120C32ppt,3,20C32ppt,20C16ppt
8/15/2017,0.071,W133,W133C120C32ppt,4,20C32ppt,20C16ppt
8/15/2017,0.073,W133,W133C120C32ppt,4,20C32ppt,20C16ppt
8/15/2017,0.076,W134,W134A220C32ppt,1,20C32ppt,20C16ppt
8/15/2017,0.076,W134,W134A220C32ppt,1,20C32ppt,20C16ppt
8/15/2017,0.076,W134,W134A220C32ppt,1,20C32ppt,20C16ppt
8/15/2017,0.076,W134,W134A220C32ppt,1,20C32ppt,20C16ppt
8/22/2017,0.064,W128.1,W128.1B320C32ppt,1,20C32ppt,20C16ppt
8/22/2017,0.064,W128.1,W128.1B320C32ppt,1,20C32ppt,20C16ppt
8/22/2017,0.066,W128.1,W128.1B320C32ppt,1,20C32ppt,20C16ppt
8/22/2017,0.067,W128.1,W128.1B320C32ppt,1,20C32ppt,20C16ppt
8/22/2017,0.067,W128.1,W128.1B320C32ppt,1,20C32ppt,20C16ppt
8/22/2017,0.062,W128.1,W128.1B320C32ppt,2,20C32ppt,20C16ppt
8/22/2017,0.063,W128.1,W128.1B320C32ppt,2,20C32ppt,20C16ppt
8/22/2017,0.066,W128.1,W128.1B320C32ppt,2,20C32ppt,20C16ppt
8/22/2017,0.075,W128.1,W128.1B320C32ppt,2,20C32ppt,20C16ppt
8/22/2017,0.059,W128.1,W128.1B320C32ppt,3,20C32ppt,20C16ppt
8/22/2017,0.067,W128.1,W128.1B320C32ppt,3,20C32ppt,20C16ppt
8/22/2017,0.068,W128.1,W128.1B320C32ppt,3,20C32ppt,20C16ppt
8/22/2017,0.064,W128.1,W128.1B320C32ppt,4,20C32ppt,20C16ppt
8/22/2017,0.065,W128.1,W128.1B320C32ppt,4,20C32ppt,20C16ppt
8/22/2017,0.066,W128.1,W128.1B320C32ppt,4,20C32ppt,20C16ppt
8/22/2017,0.066,W128.1,W128.1B320C32ppt,4,20C32ppt,20C16ppt
8/22/2017,0.067,W128.1,W128.1B320C32ppt,4,20C32ppt,20C16ppt
8/22/2017,0.064,W128.2,W128.2A320C32ppt,2,20C32ppt,20C16ppt
8/22/2017,0.067,W128.2,W128.2A320C32ppt,2,20C32ppt,20C16ppt
8/22/2017,0.069,W128.2,W128.2A320C32ppt,2,20C32ppt,20C16ppt
8/22/2017,0.07,W128.2,W128.2A320C32ppt,2,20C32ppt,20C16ppt
8/22/2017,0.064,W129,W129C220C32ppt,1,20C32ppt,20C16ppt
8/22/2017,0.065,W129,W129C220C32ppt,1,20C32ppt,20C16ppt
8/22/2017,0.067,W129,W129C220C32ppt,1,20C32ppt,20C16ppt
8/22/2017,0.069,W129,W129C220C32ppt,1,20C32ppt,20C16ppt
8/22/2017,0.057,W129,W129C220C32ppt,3,20C32ppt,20C16ppt
8/22/2017,0.058,W129,W129C220C32ppt,3,20C32ppt,20C16ppt
8/22/2017,0.067,W129,W129C220C32ppt,3,20C32ppt,20C16ppt
8/22/2017,0.07,W129,W129C220C32ppt,3,20C32ppt,20C16ppt
8/22/2017,0.096,W130,W130C320C32ppt,1,20C32ppt,20C16ppt
8/22/2017,0.104,W130,W130C320C32ppt,1,20C32ppt,20C16ppt
8/22/2017,0.108,W130,W130C320C32ppt,2,20C32ppt,20C16ppt
8/22/2017,0.109,W130,W130C320C32ppt,2,20C32ppt,20C16ppt
8/22/2017,0.11,W130,W130C320C32ppt,2,20C32ppt,20C16ppt
8/22/2017,0.09,W130,W130C320C32ppt,3,20C32ppt,20C16ppt
8/22/2017,0.094,W130,W130C320C32ppt,3,20C32ppt,20C16ppt
8/22/2017,0.098,W130,W130C320C32ppt,3,20C32ppt,20C16ppt
8/22/2017,0.102,W130,W130C320C32ppt,3,20C32ppt,20C16ppt
8/22/2017,0.067,W132,W132B320C32ppt,1,20C32ppt,20C16ppt
8/22/2017,0.07,W132,W132B320C32ppt,1,20C32ppt,20C16ppt
8/22/2017,0.07,W132,W132B320C32ppt,1,20C32ppt,20C16ppt
8/22/2017,0.075,W132,W132B320C32ppt,1,20C32ppt,20C16ppt
8/22/2017,0.076,W132,W132B320C32ppt,1,20C32ppt,20C16ppt
8/22/2017,0.107,W133,W133A320C32ppt,2,20C32ppt,20C16ppt
8/22/2017,0.107,W133,W133A320C32ppt,2,20C32ppt,20C16ppt
8/22/2017,0.109,W133,W133A320C32ppt,2,20C32ppt,20C16ppt
8/22/2017,0.093,W133,W133A320C32ppt,3,20C32ppt,20C16ppt
8/22/2017,0.06,W133,W133C120C32ppt,3,20C32ppt,20C16ppt
8/22/2017,0.06,W133,W133C120C32ppt,3,20C32ppt,20C16ppt
8/22/2017,0.062,W133,W133C120C32ppt,3,20C32ppt,20C16ppt
8/22/2017,0.065,W133,W133C120C32ppt,3,20C32ppt,20C16ppt
8/22/2017,0.078,W133,W133C120C32ppt,3,20C32ppt,20C16ppt
8/22/2017,0.064,W133,W133C220C32ppt,1,20C32ppt,20C16ppt
8/22/2017,0.065,W133,W133C220C32ppt,1,20C32ppt,20C16ppt
8/22/2017,0.066,W133,W133C220C32ppt,1,20C32ppt,20C16ppt
8/22/2017,0.069,W134,W134A120C32ppt,1,20C32ppt,20C16ppt
8/22/2017,0.07,W134,W134A120C32ppt,1,20C32ppt,20C16ppt
8/22/2017,0.07,W134,W134A120C32ppt,1,20C32ppt,20C16ppt
8/22/2017,0.071,W134,W134A120C32ppt,1,20C32ppt,20C16ppt
8/22/2017,0.066,W134,W134A120C32ppt,2,20C32ppt,20C16ppt
8/22/2017,0.068,W134,W134A120C32ppt,2,20C32ppt,20C16ppt
8/22/2017,0.069,W134,W134A120C32ppt,2,20C32ppt,20C16ppt
8/22/2017,0.074,W134,W134A120C32ppt,2,20C32ppt,20C16ppt
8/22/2017,0.073,W134,W134C220C32ppt,1,20C32ppt,20C16ppt
8/22/2017,0.073,W134,W134C220C32ppt,1,20C32ppt,20C16ppt
8/22/2017,0.078,W134,W134C220C32ppt,1,20C32ppt,20C16ppt
8/22/2017,0.078,W134,W134C220C32ppt,1,20C32ppt,20C16ppt
8/22/2017,0.073,W134,W134C220C32ppt,2,20C32ppt,20C16ppt
8/22/2017,0.076,W134,W134C220C32ppt,2,20C32ppt,20C16ppt
8/23/2017,0.099,W133,W133A320C32ppt,1,20C32ppt,20C32ppt
8/23/2017,0.1,W133,W133A320C32ppt,1,20C32ppt,20C32ppt
8/23/2017,0.101,W133,W133A320C32ppt,1,20C32ppt,20C32ppt
8/23/2017,0.103,W133,W133A320C32ppt,1,20C32ppt,20C32ppt
8/23/2017,0.104,W133,W133A320C32ppt,1,20C32ppt,20C32ppt
8/23/2017,0.106,W133,W133A320C32ppt,1,20C32ppt,20C32ppt
8/24/2017,0.067,W128.1,W128.1B320C32ppt,1,20C32ppt,20C16ppt
8/24/2017,0.07,W128.1,W128.1B320C32ppt,1,20C32ppt,20C16ppt
8/24/2017,0.07,W128.1,W128.1B320C32ppt,1,20C32ppt,20C16ppt
8/24/2017,0.071,W128.1,W128.1B320C32ppt,1,20C32ppt,20C16ppt
8/24/2017,0.067,W128.2,W128.2A320C32ppt,1,20C32ppt,20C16ppt
8/24/2017,0.07,W128.2,W128.2A320C32ppt,1,20C32ppt,20C16ppt
8/24/2017,0.074,W128.2,W128.2A320C32ppt,1,20C32ppt,20C16ppt
8/24/2017,0.074,W129,W129C220C32ppt,1,20C32ppt,20C16ppt
8/24/2017,0.075,W129,W129C220C32ppt,1,20C32ppt,20C16ppt
8/24/2017,0.076,W129,W129C220C32ppt,1,20C32ppt,20C16ppt
8/24/2017,0.066,W130,W130C320C32ppt,1,20C32ppt,20C16ppt
8/24/2017,0.066,W130,W130C320C32ppt,1,20C32ppt,20C16ppt
8/24/2017,0.067,W130,W130C320C32ppt,1,20C32ppt,20C16ppt
8/24/2017,0.07,W130,W130C320C32ppt,1,20C32ppt,20C16ppt
8/24/2017,0.1,W130,W130C320C32ppt,1,20C32ppt,20C16ppt
8/24/2017,0.102,W130,W130C320C32ppt,1,20C32ppt,20C16ppt
8/24/2017,0.103,W130,W130C320C32ppt,1,20C32ppt,20C16ppt
8/25/2017,0.069,W128.2,W128.2A120C16ppt,1,20C16ppt,20C32ppt
8/25/2017,0.069,W128.2,W128.2A120C16ppt,1,20C16ppt,20C32ppt
8/25/2017,0.072,W128.2,W128.2A120C16ppt,1,20C16ppt,20C32ppt
8/25/2017,0.073,W128.2,W128.2A120C16ppt,1,20C16ppt,20C32ppt
8/25/2017,0.076,W128.2,W128.2A120C16ppt,1,20C16ppt,20C32ppt
8/25/2017,0.064,W130,W130B320C32ppt,1,20C32ppt,20C32ppt
8/25/2017,0.064,W130,W130B320C32ppt,1,20C32ppt,20C32ppt
8/25/2017,0.068,W130,W130B320C32ppt,1,20C32ppt,20C32ppt
8/25/2017,0.07,W130,W130B320C32ppt,1,20C32ppt,20C32ppt
8/25/2017,0.059,W130,W130B320C32ppt,2,20C32ppt,20C32ppt
8/25/2017,0.062,W130,W130B320C32ppt,2,20C32ppt,20C32ppt
8/25/2017,0.063,W130,W130B320C32ppt,2,20C32ppt,20C32ppt
8/25/2017,0.065,W130,W130B320C32ppt,2,20C32ppt,20C32ppt
8/25/2017,0.094,W130,W130C320C32ppt,1,20C32ppt,20C32ppt
8/25/2017,0.094,W130,W130C320C32ppt,1,20C32ppt,20C32ppt
8/25/2017,0.096,W130,W130C320C32ppt,1,20C32ppt,20C32ppt
8/25/2017,0.107,W130,W130C320C32ppt,1,20C32ppt,20C32ppt
8/25/2017,0.062,W131.1,W131.1A220C16ppt,1,20C16ppt,20C32ppt
8/25/2017,0.065,W131.1,W131.1A220C16ppt,1,20C16ppt,20C32ppt
8/25/2017,0.067,W131.1,W131.1A220C16ppt,1,20C16ppt,20C32ppt
8/25/2017,0.064,W134,W134A220C32ppt,1,20C32ppt,20C32ppt
8/25/2017,0.066,W134,W134A220C32ppt,1,20C32ppt,20C32ppt
8/25/2017,0.066,W134,W134A220C32ppt,1,20C32ppt,20C32ppt
10/17/2017,0.117,SCW46,SCW46B120C32ppt,1,20C32ppt,20C32ppt
10/17/2017,0.095,SCW46,SCW46B120C32ppt,1,20C32ppt,20C32ppt
10/17/2017,0.11,SCW46,SCW46B120C32ppt,1,20C32ppt,20C32ppt
10/17/2017,0.072,SCW47,SCW47A120C32ppt,1,20C32ppt,20C32ppt
10/17/2017,0.065,SCW47,SCW47A120C32ppt,1,20C32ppt,20C32ppt
10/17/2017,0.067,SCW47,SCW47A120C32ppt,1,20C32ppt,20C32ppt
10/17/2017,0.069,SCW47,SCW47A120C32ppt,1,20C32ppt,20C32ppt
10/17/2017,0.069,SCW47,SCW47A120C32ppt,1,20C32ppt,20C32ppt
10/17/2017,0.095,SCW47,SCW47A420C32ppt,1,20C32ppt,20C32ppt
10/17/2017,0.081,SCW47,SCW47A420C32ppt,1,20C32ppt,20C32ppt
10/17/2017,0.071,SCW47,SCW47A420C32ppt,1,20C32ppt,20C32ppt
10/17/2017,0.063,SCW47,SCW47C220C32ppt,1,20C32ppt,20C32ppt
10/17/2017,0.061,SCW47,SCW47C220C32ppt,1,20C32ppt,20C32ppt
10/17/2017,0.069,SCW47,SCW47C220C32ppt,1,20C32ppt,20C32ppt
10/17/2017,0.058,SCW47,SCW47C320C32ppt,2,20C32ppt,20C32ppt
10/17/2017,0.058,SCW47,SCW47C320C32ppt,2,20C32ppt,20C32ppt
10/17/2017,0.059,SCW47,SCW47C320C32ppt,2,20C32ppt,20C32ppt
10/17/2017,0.062,SCW47,SCW47C320C32ppt,2,20C32ppt,20C32ppt
10/17/2017,0.061,SCW48,SCW48B120C32ppt,1,20C32ppt,20C32ppt
10/17/2017,0.064,SCW48,SCW48B120C32ppt,1,20C32ppt,20C32ppt
10/17/2017,0.062,SCW48,SCW48B120C32ppt,1,20C32ppt,20C32ppt
10/17/2017,0.062,SCW48,SCW48B120C32ppt,1,20C32ppt,20C32ppt
10/17/2017,0.103,SCW48,SCW48C420C32ppt,1,20C32ppt,20C32ppt
10/17/2017,0.107,SCW48,SCW48C420C32ppt,1,20C32ppt,20C32ppt
10/17/2017,0.111,SCW48,SCW48C420C32ppt,1,20C32ppt,20C32ppt
10/17/2017,0.103,SCW48,SCW48C420C32ppt,1,20C32ppt,20C32ppt
10/17/2017,0.113,SCW48,SCW48C420C32ppt,1,20C32ppt,20C32ppt
10/17/2017,0.064,SCW49,SCW49A120C32ppt,4,20C32ppt,20C32ppt
10/17/2017,0.072,SCW49,SCW49A120C32ppt,4,20C32ppt,20C32ppt
10/17/2017,0.065,SCW49,SCW49A120C32ppt,4,20C32ppt,20C32ppt
10/17/2017,0.07,SCW49,SCW49A120C32ppt,4,20C32ppt,20C32ppt
10/17/2017,0.095,SCW49,SCW49B320C32ppt,1,20C32ppt,20C32ppt
10/17/2017,0.113,SCW49,SCW49B320C32ppt,1,20C32ppt,20C32ppt
10/17/2017,0.111,SCW49,SCW49B320C32ppt,1,20C32ppt,20C32ppt
10/17/2017,0.117,SCW49,SCW49B320C32ppt,1,20C32ppt,20C32ppt
10/17/2017,0.099,SCW49,SCW49C320C32ppt,1,20C32ppt,20C32ppt
10/17/2017,0.094,SCW49,SCW49C320C32ppt,1,20C32ppt,20C32ppt
10/17/2017,0.073,SCW49,SCW49C320C32ppt,1,20C32ppt,20C32ppt
10/17/2017,0.071,SCW49,SCW49C320C32ppt,1,20C32ppt,20C32ppt
10/17/2017,0.067,SCW49,SCW49C320C32ppt,1,20C32ppt,20C32ppt
10/17/2017,0.121,SCW50.2,SCW50.2B120C32ppt,1,20C32ppt,20C32ppt
10/17/2017,0.12,SCW50.2,SCW50.2B120C32ppt,1,20C32ppt,20C32ppt
10/17/2017,0.122,SCW50.2,SCW50.2B120C32ppt,1,20C32ppt,20C32ppt
10/17/2017,0.117,SCW50.2,SCW50.2B120C32ppt,1,20C32ppt,20C32ppt
10/17/2017,0.125,SCW50.2,SCW50.2B120C32ppt,1,20C32ppt,20C32ppt
10/17/2017,0.115,SCW50.2,SCW50.2C220C32ppt,1,20C32ppt,20C32ppt
10/17/2017,0.104,SCW50.2,SCW50.2C220C32ppt,1,20C32ppt,20C32ppt
10/17/2017,0.106,SCW50.2,SCW50.2C220C32ppt,1,20C32ppt,20C32ppt
10/17/2017,0.11,SCW50.2,SCW50.2C220C32ppt,1,20C32ppt,20C32ppt
10/17/2017,0.093,SCW50,SCW50A220C32ppt,1,20C32ppt,20C32ppt
10/17/2017,0.092,SCW50,SCW50A220C32ppt,1,20C32ppt,20C32ppt
10/17/2017,0.111,SCW50,SCW50A220C32ppt,1,20C32ppt,20C32ppt
10/17/2017,0.107,SCW50,SCW50A220C32ppt,1,20C32ppt,20C32ppt
10/17/2017,0.115,SCW50,SCW50A220C32ppt,1,20C32ppt,20C32ppt
10/17/2017,0.061,W143,W143A320C32ppt,2,20C32ppt,20C32ppt
10/17/2017,0.063,W143,W143A320C32ppt,2,20C32ppt,20C32ppt
10/17/2017,0.066,W143,W143A320C32ppt,2,20C32ppt,20C32ppt
10/17/2017,0.067,W143,W143A320C32ppt,2,20C32ppt,20C32ppt
10/17/2017,0.065,W143,W143A320C32ppt,2,20C32ppt,20C32ppt
10/17/2017,0.068,W143,W143A320C32ppt,2,20C32ppt,20C32ppt
10/17/2017,0.063,W143,W143A320C32ppt,3,20C32ppt,20C32ppt
10/17/2017,0.065,W143,W143A320C32ppt,3,20C32ppt,20C32ppt
10/17/2017,0.06,W143,W143A320C32ppt,3,20C32ppt,20C32ppt
10/17/2017,0.054,W143,W143A320C32ppt,3,20C32ppt,20C32ppt
10/17/2017,0.069,W144,W144A320C32ppt,1,20C32ppt,20C32ppt
10/17/2017,0.069,W144,W144A320C32ppt,1,20C32ppt,20C32ppt
10/17/2017,0.074,W144,W144A320C32ppt,1,20C32ppt,20C32ppt
10/17/2017,0.077,W144,W144A320C32ppt,1,20C32ppt,20C32ppt
10/17/2017,0.078,W144,W144A320C32ppt,1,20C32ppt,20C32ppt
10/17/2017,0.07,W144,W144B320C32ppt,1,20C32ppt,20C32ppt
10/17/2017,0.069,W144,W144B320C32ppt,1,20C32ppt,20C32ppt
10/17/2017,0.077,W144,W144B320C32ppt,1,20C32ppt,20C32ppt
10/17/2017,0.076,W144,W144B320C32ppt,1,20C32ppt,20C32ppt
10/17/2017,0.074,W144,W144B320C32ppt,1,20C32ppt,20C32ppt
10/17/2017,0.066,W144,W144B420C32ppt,1,20C32ppt,20C32ppt
10/17/2017,0.071,W144,W144B420C32ppt,1,20C32ppt,20C32ppt
10/17/2017,0.073,W144,W144B420C32ppt,1,20C32ppt,20C32ppt
10/17/2017,0.075,W144,W144B420C32ppt,1,20C32ppt,20C32ppt
10/17/2017,0.079,W144,W144B420C32ppt,2,20C32ppt,20C32ppt
10/17/2017,0.078,W144,W144B420C32ppt,2,20C32ppt,20C32ppt
10/17/2017,0.077,W144,W144B420C32ppt,2,20C32ppt,20C32ppt
10/17/2017,0.077,W144,W144B420C32ppt,2,20C32ppt,20C32ppt
10/17/2017,0.111,W148,W148A420C32ppt,1,20C32ppt,20C32ppt
10/17/2017,0.111,W148,W148A420C32ppt,1,20C32ppt,20C32ppt
10/17/2017,0.109,W148,W148A420C32ppt,1,20C32ppt,20C32ppt
10/17/2017,0.113,W148,W148A420C32ppt,1,20C32ppt,20C32ppt
10/17/2017,0.113,W148,W148B320C32ppt,1,20C32ppt,20C32ppt
10/17/2017,0.107,W148,W148B320C32ppt,1,20C32ppt,20C32ppt
10/17/2017,0.106,W148,W148B320C32ppt,1,20C32ppt,20C32ppt
10/17/2017,0.117,W148,W148B320C32ppt,1,20C32ppt,20C32ppt
10/17/2017,0.091,W148,W148B420C32ppt,1,20C32ppt,20C32ppt
10/17/2017,0.094,W148,W148B420C32ppt,1,20C32ppt,20C32ppt
10/17/2017,0.07,W148,W148B420C32ppt,1,20C32ppt,20C32ppt
10/17/2017,0.078,W148,W148B420C32ppt,1,20C32ppt,20C32ppt
10/17/2017,0.07,W148,W148B420C32ppt,1,20C32ppt,20C32ppt
10/17/2017,0.087,W148,W148B420C32ppt,1,20C32ppt,20C32ppt
10/17/2017,0.07,W150.2,W150.2A420C32ppt,1,20C32ppt,20C32ppt
10/17/2017,0.07,W150.2,W150.2A420C32ppt,1,20C32ppt,20C32ppt
10/17/2017,0.07,W150.2,W150.2A420C32ppt,1,20C32ppt,20C32ppt
10/17/2017,0.072,W150.2,W150.2A420C32ppt,1,20C32ppt,20C32ppt
10/17/2017,0.07,W150.2,W150.2A420C32ppt,1,20C32ppt,20C32ppt
10/17/2017,0.069,W150.2,W150.2B420C32ppt,1,20C32ppt,20C32ppt
10/17/2017,0.076,W150.2,W150.2B420C32ppt,1,20C32ppt,20C32ppt
10/17/2017,0.073,W150.2,W150.2B420C32ppt,1,20C32ppt,20C32ppt
10/17/2017,0.07,W150.2,W150.2B420C32ppt,1,20C32ppt,20C32ppt
10/17/2017,0.07,W150.2,W150.2C220C32ppt,1,20C32ppt,20C32ppt
10/17/2017,0.078,W150.2,W150.2C220C32ppt,1,20C32ppt,20C32ppt
10/17/2017,0.078,W150.2,W150.2C220C32ppt,1,20C32ppt,20C32ppt
10/17/2017,0.077,W150.2,W150.2C220C32ppt,1,20C32ppt,20C32ppt
10/17/2017,0.124,W150,W150B420C32ppt,1,20C32ppt,20C32ppt
10/17/2017,0.113,W150,W150B420C32ppt,1,20C32ppt,20C32ppt
10/17/2017,0.12,W150,W150B420C32ppt,1,20C32ppt,20C32ppt
10/17/2017,0.113,W150,W150B420C32ppt,1,20C32ppt,20C32ppt
10/17/2017,0.115,W150,W150B420C32ppt,1,20C32ppt,20C32ppt
10/17/2017,0.111,W150,W150B420C32ppt,2,20C32ppt,20C32ppt
10/17/2017,0.121,W150,W150B420C32ppt,2,20C32ppt,20C32ppt
10/17/2017,0.106,W150,W150B420C32ppt,2,20C32ppt,20C32ppt
10/17/2017,0.11,W150,W150B420C32ppt,2,20C32ppt,20C32ppt
10/17/2017,0.117,W150,W150B420C32ppt,2,20C32ppt,20C32ppt
10/18/2017,0.104,SCW46,SCW46B120C32ppt,1,20C32ppt,20C32ppt
10/18/2017,0.119,SCW46,SCW46B120C32ppt,1,20C32ppt,20C32ppt
10/18/2017,0.104,SCW46,SCW46B120C32ppt,1,20C32ppt,20C32ppt
10/18/2017,0.115,SCW46,SCW46B120C32ppt,1,20C32ppt,20C32ppt
10/18/2017,0.104,SCW47,SCW47B320C32ppt,1,20C32ppt,20C32ppt
10/18/2017,0.097,SCW47,SCW47B320C32ppt,1,20C32ppt,20C32ppt
10/18/2017,0.097,SCW47,SCW47B320C32ppt,1,20C32ppt,20C32ppt
10/18/2017,0.099,SCW47,SCW47B320C32ppt,1,20C32ppt,20C32ppt
10/18/2017,0.085,SCW47,SCW47B320C32ppt,2,20C32ppt,20C32ppt
10/18/2017,0.09,SCW47,SCW47B320C32ppt,2,20C32ppt,20C32ppt
10/18/2017,0.098,SCW47,SCW47B320C32ppt,2,20C32ppt,20C32ppt
10/18/2017,0.098,SCW47,SCW47B320C32ppt,2,20C32ppt,20C32ppt
10/18/2017,0.069,SCW47,SCW47C420C32ppt,2,20C32ppt,20C32ppt
10/18/2017,0.062,SCW47,SCW47C420C32ppt,2,20C32ppt,20C32ppt
10/18/2017,0.066,SCW47,SCW47C420C32ppt,2,20C32ppt,20C32ppt
10/18/2017,0.062,SCW48.2,SCW48.2C120C32ppt,2,20C32ppt,20C32ppt
10/18/2017,0.064,SCW48.2,SCW48.2C120C32ppt,2,20C32ppt,20C32ppt
10/18/2017,0.062,SCW48.2,SCW48.2C120C32ppt,2,20C32ppt,20C32ppt
10/18/2017,0.063,SCW48.2,SCW48.2C120C32ppt,3,20C32ppt,20C32ppt
10/18/2017,0.062,SCW48.2,SCW48.2C120C32ppt,3,20C32ppt,20C32ppt
10/18/2017,0.071,SCW48.2,SCW48.2C120C32ppt,3,20C32ppt,20C32ppt
10/18/2017,0.066,SCW48.2,SCW48.2C120C32ppt,3,20C32ppt,20C32ppt
10/18/2017,0.07,SCW48.2,SCW48.2C320C32ppt,1,20C32ppt,20C32ppt
10/18/2017,0.074,SCW48.2,SCW48.2C320C32ppt,1,20C32ppt,20C32ppt
10/18/2017,0.077,SCW48.2,SCW48.2C320C32ppt,1,20C32ppt,20C32ppt
10/18/2017,0.072,SCW48.2,SCW48.2C320C32ppt,1,20C32ppt,20C32ppt
10/18/2017,0.066,SCW48.2,SCW48.2C420C32ppt,1,20C32ppt,20C32ppt
10/18/2017,0.071,SCW48.2,SCW48.2C420C32ppt,1,20C32ppt,20C32ppt
10/18/2017,0.072,SCW48.2,SCW48.2C420C32ppt,1,20C32ppt,20C32ppt
10/18/2017,0.071,SCW48.2,SCW48.2C420C32ppt,1,20C32ppt,20C32ppt
10/18/2017,0.08,SCW48,SCW48B220C32ppt,1,20C32ppt,20C32ppt
10/18/2017,0.072,SCW48,SCW48B220C32ppt,1,20C32ppt,20C32ppt
10/18/2017,0.077,SCW48,SCW48B220C32ppt,1,20C32ppt,20C32ppt
10/18/2017,0.076,SCW48,SCW48B220C32ppt,2,20C32ppt,20C32ppt
10/18/2017,0.076,SCW48,SCW48B220C32ppt,2,20C32ppt,20C32ppt
10/18/2017,0.077,SCW48,SCW48B220C32ppt,2,20C32ppt,20C32ppt
10/18/2017,0.076,SCW48,SCW48C220C32ppt,1,20C32ppt,20C32ppt
10/18/2017,0.067,SCW48,SCW48C220C32ppt,1,20C32ppt,20C32ppt
10/18/2017,0.075,SCW48,SCW48C220C32ppt,1,20C32ppt,20C32ppt
10/18/2017,0.064,SCW48,SCW48C220C32ppt,1,20C32ppt,20C32ppt
10/18/2017,0.077,SCW49,SCW49B420C32ppt,1,20C32ppt,20C32ppt
10/18/2017,0.07,SCW49,SCW49B420C32ppt,1,20C32ppt,20C32ppt
10/18/2017,0.114,SCW50,SCW50A420C32ppt,1,20C32ppt,20C32ppt
10/18/2017,0.107,SCW50,SCW50A420C32ppt,1,20C32ppt,20C32ppt
10/18/2017,0.111,SCW50,SCW50A420C32ppt,1,20C32ppt,20C32ppt
10/18/2017,0.078,SCW50,SCW50B320C32ppt,2,20C32ppt,20C32ppt
10/18/2017,0.1,SCW50,SCW50B320C32ppt,2,20C32ppt,20C32ppt
10/18/2017,0.078,SCW50,SCW50B320C32ppt,2,20C32ppt,20C32ppt
10/18/2017,0.067,SCW50,SCW50B320C32ppt,2,20C32ppt,20C32ppt
10/18/2017,0.116,SCW50,SCW50C320C32ppt,1,20C32ppt,20C32ppt
10/18/2017,0.108,SCW50,SCW50C320C32ppt,1,20C32ppt,20C32ppt
10/18/2017,0.108,SCW50,SCW50C320C32ppt,1,20C32ppt,20C32ppt
10/18/2017,0.116,SCW50,SCW50C320C32ppt,1,20C32ppt,20C32ppt
10/18/2017,0.104,SCW50,SCW50C320C32ppt,1,20C32ppt,20C32ppt
10/18/2017,0.12,W144,W144C3C420C32ppt,1,20C32ppt,20C32ppt
10/18/2017,0.114,W144,W144C3C420C32ppt,1,20C32ppt,20C32ppt
10/18/2017,0.114,W144,W144C3C420C32ppt,1,20C32ppt,20C32ppt
10/18/2017,0.12,W144,W144C3C420C32ppt,1,20C32ppt,20C32ppt
10/18/2017,0.106,W144,W144C3C420C32ppt,2,20C32ppt,20C32ppt
10/18/2017,0.119,W144,W144C3C420C32ppt,2,20C32ppt,20C32ppt
10/18/2017,0.112,W144,W144C3C420C32ppt,2,20C32ppt,20C32ppt
10/18/2017,0.116,W144,W144C3C420C32ppt,2,20C32ppt,20C32ppt
10/18/2017,0.11,W148,W148A120C32ppt,1,20C32ppt,20C32ppt
10/18/2017,0.117,W148,W148A120C32ppt,1,20C32ppt,20C32ppt
10/18/2017,0.112,W148,W148A120C32ppt,1,20C32ppt,20C32ppt
10/18/2017,0.116,W148,W148A120C32ppt,1,20C32ppt,20C32ppt
10/18/2017,0.125,W148,W148A120C32ppt,3,20C32ppt,20C32ppt
10/18/2017,0.121,W148,W148A120C32ppt,3,20C32ppt,20C32ppt
10/18/2017,0.102,W148,W148A120C32ppt,3,20C32ppt,20C32ppt
10/18/2017,0.108,W148,W148A120C32ppt,3,20C32ppt,20C32ppt
10/18/2017,0.074,W150,W150B220C32ppt,1,20C32ppt,20C32ppt
10/18/2017,0.076,W150,W150B220C32ppt,1,20C32ppt,20C32ppt
10/18/2017,0.079,W150,W150B220C32ppt,1,20C32ppt,20C32ppt
10/23/2017,0.105,SCW46,SCW46B120C32ppt,1,20C32ppt,20C32ppt
10/23/2017,0.074,SCW46,SCW46B120C32ppt,1,20C32ppt,20C32ppt
10/23/2017,0.108,SCW46,SCW46B120C32ppt,1,20C32ppt,20C32ppt
10/23/2017,0.12,SCW46,SCW46B120C32ppt,1,20C32ppt,20C32ppt
10/23/2017,0.115,SCW46,SCW46B120C32ppt,1,20C32ppt,20C32ppt
10/23/2017,0.072,SCW46,SCW46B120C32ppt,1,20C32ppt,20C32ppt
10/23/2017,0.075,SCW46,SCW46B120C32ppt,1,20C32ppt,20C32ppt
10/23/2017,0.097,SCW48,SCW48A320C32ppt,1,20C32ppt,20C32ppt
10/23/2017,0.114,SCW48,SCW48A320C32ppt,1,20C32ppt,20C32ppt
10/23/2017,0.109,SCW48,SCW48A320C32ppt,1,20C32ppt,20C32ppt
10/23/2017,0.108,SCW48,SCW48A320C32ppt,1,20C32ppt,20C32ppt
10/23/2017,0.106,SCW48,SCW48A320C32ppt,2,20C32ppt,20C32ppt
10/23/2017,0.099,SCW48,SCW48A320C32ppt,2,20C32ppt,20C32ppt
10/23/2017,0.096,SCW48,SCW48A320C32ppt,2,20C32ppt,20C32ppt
10/23/2017,0.103,SCW48,SCW48A320C32ppt,2,20C32ppt,20C32ppt
10/23/2017,0.067,SCW48,SCW48B120C32ppt,1,20C32ppt,20C32ppt
10/23/2017,0.076,SCW48,SCW48B120C32ppt,1,20C32ppt,20C32ppt
10/23/2017,0.074,SCW48,SCW48B120C32ppt,1,20C32ppt,20C32ppt
10/23/2017,0.072,SCW48,SCW48B120C32ppt,1,20C32ppt,20C32ppt
10/23/2017,0.107,SCW48,SCW48B320C32ppt,1,20C32ppt,20C32ppt
10/23/2017,0.108,SCW48,SCW48B320C32ppt,1,20C32ppt,20C32ppt
10/23/2017,0.106,SCW48,SCW48B320C32ppt,1,20C32ppt,20C32ppt
10/23/2017,0.087,SCW48,SCW48B320C32ppt,1,20C32ppt,20C32ppt
10/23/2017,0.105,SCW48,SCW48B320C32ppt,1,20C32ppt,20C32ppt
10/23/2017,0.099,SCW48,SCW48B320C32ppt,2,20C32ppt,20C32ppt
10/23/2017,0.106,SCW48,SCW48B320C32ppt,2,20C32ppt,20C32ppt
10/23/2017,0.099,SCW48,SCW48B320C32ppt,2,20C32ppt,20C32ppt
10/23/2017,0.102,SCW48,SCW48B320C32ppt,2,20C32ppt,20C32ppt
10/23/2017,0.096,SCW48,SCW48B320C32ppt,3,20C32ppt,20C32ppt
10/23/2017,0.099,SCW48,SCW48B320C32ppt,3,20C32ppt,20C32ppt
10/23/2017,0.07,SCW48,SCW48B320C32ppt,3,20C32ppt,20C32ppt
10/23/2017,0.069,SCW48,SCW48B320C32ppt,3,20C32ppt,20C32ppt
10/23/2017,0.103,SCW48,SCW48B320C32ppt,3,20C32ppt,20C32ppt
10/23/2017,0.101,SCW48,SCW48C420C32ppt,2,20C32ppt,20C32ppt
10/23/2017,0.106,SCW48,SCW48C420C32ppt,2,20C32ppt,20C32ppt
10/23/2017,0.099,SCW48,SCW48C420C32ppt,2,20C32ppt,20C32ppt
10/23/2017,0.101,SCW50.2,SCW50.2C220C32ppt,1,20C32ppt,20C32ppt
10/23/2017,0.099,SCW50.2,SCW50.2C220C32ppt,1,20C32ppt,20C32ppt
10/23/2017,0.105,SCW50.2,SCW50.2C220C32ppt,1,20C32ppt,20C32ppt
10/23/2017,0.094,SCW50.2,SCW50.2C220C32ppt,1,20C32ppt,20C32ppt
10/23/2017,0.106,SCW50.2,SCW50.2C220C32ppt,1,20C32ppt,20C32ppt
10/23/2017,0.115,SCW50.2,SCW50.2C220C32ppt,2,20C32ppt,20C32ppt
10/23/2017,0.112,SCW50.2,SCW50.2C220C32ppt,2,20C32ppt,20C32ppt
10/23/2017,0.113,SCW50.2,SCW50.2C220C32ppt,2,20C32ppt,20C32ppt
10/23/2017,0.115,SCW50.2,SCW50.2C220C32ppt,2,20C32ppt,20C32ppt
10/23/2017,0.124,SCW50.2,SCW50.2C220C32ppt,2,20C32ppt,20C32ppt
10/23/2017,0.066,SCW50,SCW50A120C32ppt,1,20C32ppt,20C32ppt
10/23/2017,0.076,SCW50,SCW50A120C32ppt,1,20C32ppt,20C32ppt
10/23/2017,0.075,SCW50,SCW50A120C32ppt,1,20C32ppt,20C32ppt
10/23/2017,0.075,SCW50,SCW50A120C32ppt,1,20C32ppt,20C32ppt
10/23/2017,0.096,SCW50,SCW50A220C32ppt,1,20C32ppt,20C32ppt
10/23/2017,0.106,SCW50,SCW50A220C32ppt,1,20C32ppt,20C32ppt
10/23/2017,0.1,SCW50,SCW50A220C32ppt,1,20C32ppt,20C32ppt
10/23/2017,0.105,SCW50,SCW50A220C32ppt,1,20C32ppt,20C32ppt
10/23/2017,0.105,W143.2,W143.2B120C32ppt,1,20C32ppt,20C32ppt
10/23/2017,0.109,W143.2,W143.2B120C32ppt,1,20C32ppt,20C32ppt
10/23/2017,0.108,W143.2,W143.2B120C32ppt,1,20C32ppt,20C32ppt
10/23/2017,0.11,W143.2,W143.2B120C32ppt,1,20C32ppt,20C32ppt
10/23/2017,0.108,W143.2,W143.2B120C32ppt,1,20C32ppt,20C32ppt
10/23/2017,0.123,W143.2,W143.2C120C32ppt,1,20C32ppt,20C32ppt
10/23/2017,0.122,W143.2,W143.2C120C32ppt,1,20C32ppt,20C32ppt
10/23/2017,0.123,W143.2,W143.2C120C32ppt,1,20C32ppt,20C32ppt
10/23/2017,0.117,W143.2,W143.2C120C32ppt,1,20C32ppt,20C32ppt
10/23/2017,0.067,W143,W143C120C32ppt,1,20C32ppt,20C32ppt
10/23/2017,0.065,W143,W143C120C32ppt,1,20C32ppt,20C32ppt
10/23/2017,0.065,W143,W143C120C32ppt,1,20C32ppt,20C32ppt
10/23/2017,0.07,W143,W143C120C32ppt,1,20C32ppt,20C32ppt
10/23/2017,0.072,W143,W143C120C32ppt,1,20C32ppt,20C32ppt
10/23/2017,0.065,W143,W143C220C32ppt,2,20C32ppt,20C32ppt
10/23/2017,0.065,W143,W143C220C32ppt,2,20C32ppt,20C32ppt
10/23/2017,0.066,W143,W143C220C32ppt,2,20C32ppt,20C32ppt
10/23/2017,0.07,W143,W143C320C32ppt,1,20C32ppt,20C32ppt
10/23/2017,0.066,W143,W143C320C32ppt,1,20C32ppt,20C32ppt
10/23/2017,0.065,W143,W143C320C32ppt,1,20C32ppt,20C32ppt
10/23/2017,0.062,W144,W144A220C32ppt,1,20C32ppt,20C32ppt
10/23/2017,0.074,W144,W144A220C32ppt,1,20C32ppt,20C32ppt
10/23/2017,0.064,W144,W144A220C32ppt,1,20C32ppt,20C32ppt
10/23/2017,0.069,W144,W144A220C32ppt,1,20C32ppt,20C32ppt
10/23/2017,0.067,W144,W144A420C32ppt,1,20C32ppt,20C32ppt
10/23/2017,0.059,W144,W144A420C32ppt,1,20C32ppt,20C32ppt
10/23/2017,0.062,W144,W144A420C32ppt,1,20C32ppt,20C32ppt
10/23/2017,0.072,W144,W144A420C32ppt,1,20C32ppt,20C32ppt
10/23/2017,0.108,W144,W144C420C32ppt,1,20C32ppt,20C32ppt
10/23/2017,0.078,W144,W144C420C32ppt,1,20C32ppt,20C32ppt
10/23/2017,0.102,W144,W144C420C32ppt,1,20C32ppt,20C32ppt
10/23/2017,0.071,W144,W144C420C32ppt,1,20C32ppt,20C32ppt
10/23/2017,0.076,W144,W144C420C32ppt,1,20C32ppt,20C32ppt
10/23/2017,0.083,W144,W144C420C32ppt,1,20C32ppt,20C32ppt
10/23/2017,0.108,W144,W144C420C32ppt,2,20C32ppt,20C32ppt
10/23/2017,0.112,W144,W144C420C32ppt,2,20C32ppt,20C32ppt
10/23/2017,0.117,W144,W144C420C32ppt,2,20C32ppt,20C32ppt
10/23/2017,0.108,W144,W144C420C32ppt,2,20C32ppt,20C32ppt
10/23/2017,0.1,W148,W148B320C32ppt,1,20C32ppt,20C32ppt
10/23/2017,0.114,W148,W148B320C32ppt,1,20C32ppt,20C32ppt
10/23/2017,0.103,W148,W148B320C32ppt,1,20C32ppt,20C32ppt
10/23/2017,0.1,W148,W148B320C32ppt,1,20C32ppt,20C32ppt
10/23/2017,0.118,W148,W148B320C32ppt,1,20C32ppt,20C32ppt
10/23/2017,0.11,W148,W148B320C32ppt,1,20C32ppt,20C32ppt
10/23/2017,0.107,W148,W148B320C32ppt,2,20C32ppt,20C32ppt
10/23/2017,0.109,W148,W148B320C32ppt,2,20C32ppt,20C32ppt
10/23/2017,0.125,W148,W148B320C32ppt,2,20C32ppt,20C32ppt
10/23/2017,0.105,W148,W148C120C32ppt,1,20C32ppt,20C32ppt
10/23/2017,0.109,W148,W148C120C32ppt,1,20C32ppt,20C32ppt
10/23/2017,0.099,W148,W148C120C32ppt,1,20C32ppt,20C32ppt
10/23/2017,0.111,W148,W148C120C32ppt,1,20C32ppt,20C32ppt
10/23/2017,0.064,W150.2,W150.2C420C32ppt,2,20C32ppt,20C32ppt
10/23/2017,0.067,W150.2,W150.2C420C32ppt,2,20C32ppt,20C32ppt
10/23/2017,0.071,W150.2,W150.2C420C32ppt,2,20C32ppt,20C32ppt
10/23/2017,0.069,W150.2,W150.2C420C32ppt,2,20C32ppt,20C32ppt
10/23/2017,0.102,W150.3,W150.3A120C32ppt,1,20C32ppt,20C32ppt
10/23/2017,0.105,W150.3,W150.3A120C32ppt,1,20C32ppt,20C32ppt
10/23/2017,0.103,W150.3,W150.3A120C32ppt,1,20C32ppt,20C32ppt
10/23/2017,0.105,W150.3,W150.3A120C32ppt,1,20C32ppt,20C32ppt
10/23/2017,0.105,W150.3,W150.3A120C32ppt,1,20C32ppt,20C32ppt
10/23/2017,0.074,W150.3,W150.3B320C32ppt,2,20C32ppt,20C32ppt
10/23/2017,0.067,W150.3,W150.3B320C32ppt,2,20C32ppt,20C32ppt
10/23/2017,0.07,W150.3,W150.3B320C32ppt,2,20C32ppt,20C32ppt
10/23/2017,0.073,W150.3,W150.3B320C32ppt,2,20C32ppt,20C32ppt
10/23/2017,0.069,W150.3,W150.3B320C32ppt,2,20C32ppt,20C32ppt
10/23/2017,0.117,W150,W150B420C32ppt,1,20C32ppt,20C32ppt
10/23/2017,0.113,W150,W150B420C32ppt,1,20C32ppt,20C32ppt
10/23/2017,0.117,W150,W150B420C32ppt,1,20C32ppt,20C32ppt
10/24/2017,0.069,SCW46,SCW46A120C16ppt,1,20C16ppt,20C16ppt
10/24/2017,0.066,SCW46,SCW46A120C16ppt,1,20C16ppt,20C16ppt
10/24/2017,0.076,SCW46,SCW46A120C16ppt,1,20C16ppt,20C16ppt
10/24/2017,0.113,SCW46,SCW46B120C16ppt,1,20C16ppt,20C16ppt
10/24/2017,0.108,SCW46,SCW46B120C16ppt,1,20C16ppt,20C16ppt
10/24/2017,0.106,SCW46,SCW46B120C16ppt,1,20C16ppt,20C16ppt
10/24/2017,0.099,SCW46,SCW46B120C16ppt,2,20C16ppt,20C16ppt
10/24/2017,0.105,SCW46,SCW46B120C16ppt,2,20C16ppt,20C16ppt
10/24/2017,0.104,SCW46,SCW46B120C16ppt,2,20C16ppt,20C16ppt
10/24/2017,0.102,SCW46,SCW46B120C16ppt,2,20C16ppt,20C16ppt
10/24/2017,0.069,SCW46,SCW46B420C16ppt,1,20C16ppt,20C16ppt
10/24/2017,0.069,SCW46,SCW46B420C16ppt,1,20C16ppt,20C16ppt
10/24/2017,0.063,SCW46,SCW46B420C16ppt,1,20C16ppt,20C16ppt
10/24/2017,0.063,SCW46,SCW46B420C16ppt,1,20C16ppt,20C16ppt
10/24/2017,0.069,SCW46,SCW46C420C16ppt,2,20C16ppt,20C16ppt
10/24/2017,0.072,SCW46,SCW46C420C16ppt,2,20C16ppt,20C16ppt
10/24/2017,0.066,SCW46,SCW46C420C16ppt,2,20C16ppt,20C16ppt
10/24/2017,0.065,SCW46,SCW46C420C16ppt,2,20C16ppt,20C16ppt
10/24/2017,0.069,SCW47,SCW47A120C16ppt,2,20C16ppt,20C16ppt
10/24/2017,0.071,SCW47,SCW47A120C16ppt,2,20C16ppt,20C16ppt
10/24/2017,0.073,SCW47,SCW47A120C16ppt,2,20C16ppt,20C16ppt
10/24/2017,0.071,SCW47,SCW47A120C16ppt,2,20C16ppt,20C16ppt
10/24/2017,0.072,SCW47,SCW47B220C16ppt,1,20C16ppt,20C16ppt
10/24/2017,0.065,SCW47,SCW47B220C16ppt,1,20C16ppt,20C16ppt
10/24/2017,0.072,SCW47,SCW47B220C16ppt,1,20C16ppt,20C16ppt
10/24/2017,0.119,SCW47,SCW47B320C16ppt,1,20C16ppt,20C16ppt
10/24/2017,0.118,SCW47,SCW47B320C16ppt,1,20C16ppt,20C16ppt
10/24/2017,0.11,SCW47,SCW47B320C16ppt,1,20C16ppt,20C16ppt
10/24/2017,0.067,SCW47,SCW47C120C16ppt,2,20C16ppt,20C16ppt
10/24/2017,0.072,SCW47,SCW47C120C16ppt,2,20C16ppt,20C16ppt
10/24/2017,0.073,SCW47,SCW47C120C16ppt,2,20C16ppt,20C16ppt
10/24/2017,0.064,SCW48.2,SCW48.2B420C16ppt,2,20C16ppt,20C16ppt
10/24/2017,0.068,SCW48.2,SCW48.2B420C16ppt,2,20C16ppt,20C16ppt
10/24/2017,0.066,SCW48.2,SCW48.2B420C16ppt,2,20C16ppt,20C16ppt
10/24/2017,0.065,SCW48.2,SCW48.2B420C16ppt,2,20C16ppt,20C16ppt
10/24/2017,0.074,SCW48,SCW48A420C16ppt,1,20C16ppt,20C16ppt
10/24/2017,0.071,SCW48,SCW48A420C16ppt,1,20C16ppt,20C16ppt
10/24/2017,0.071,SCW48,SCW48A420C16ppt,1,20C16ppt,20C16ppt
10/24/2017,0.07,SCW48,SCW48A420C16ppt,1,20C16ppt,20C16ppt
10/24/2017,0.069,SCW48,SCW48A420C16ppt,2,20C16ppt,20C16ppt
10/24/2017,0.065,SCW48,SCW48A420C16ppt,2,20C16ppt,20C16ppt
10/24/2017,0.071,SCW48,SCW48A420C16ppt,2,20C16ppt,20C16ppt
10/24/2017,0.069,SCW48,SCW48A420C16ppt,2,20C16ppt,20C16ppt
10/24/2017,0.074,SCW48,SCW48B220C16ppt,1,20C16ppt,20C16ppt
10/24/2017,0.077,SCW48,SCW48B220C16ppt,1,20C16ppt,20C16ppt
10/24/2017,0.07,SCW48,SCW48B220C16ppt,1,20C16ppt,20C16ppt
10/24/2017,0.064,SCW48,SCW48B220C16ppt,1,20C16ppt,20C16ppt
10/24/2017,0.068,SCW48,SCW48B220C16ppt,3,20C16ppt,20C16ppt
10/24/2017,0.067,SCW48,SCW48B220C16ppt,3,20C16ppt,20C16ppt
10/24/2017,0.067,SCW48,SCW48B220C16ppt,3,20C16ppt,20C16ppt
10/24/2017,0.068,SCW48,SCW48B220C16ppt,3,20C16ppt,20C16ppt
10/24/2017,0.068,SCW49,SCW49A320C16ppt,1,20C16ppt,20C16ppt
10/24/2017,0.069,SCW49,SCW49A320C16ppt,1,20C16ppt,20C16ppt
10/24/2017,0.067,SCW49,SCW49A320C16ppt,1,20C16ppt,20C16ppt
10/24/2017,0.074,SCW49,SCW49A320C16ppt,1,20C16ppt,20C16ppt
10/24/2017,0.069,SCW49,SCW49B120C16ppt,1,20C16ppt,20C16ppt
10/24/2017,0.067,SCW49,SCW49B120C16ppt,1,20C16ppt,20C16ppt
10/24/2017,0.071,SCW49,SCW49B120C16ppt,1,20C16ppt,20C16ppt
10/24/2017,0.072,SCW49,SCW49B420C16ppt,2,20C16ppt,20C16ppt
10/24/2017,0.069,SCW49,SCW49B420C16ppt,2,20C16ppt,20C16ppt
10/24/2017,0.072,SCW49,SCW49B420C16ppt,2,20C16ppt,20C16ppt
10/24/2017,0.069,SCW49,SCW49B420C16ppt,2,20C16ppt,20C16ppt
10/24/2017,0.09,SCW50.2,SCW50.2B420C16ppt,1,20C16ppt,20C16ppt
10/24/2017,0.088,SCW50.2,SCW50.2B420C16ppt,1,20C16ppt,20C16ppt
10/24/2017,0.107,SCW50.2,SCW50.2B420C16ppt,1,20C16ppt,20C16ppt
10/24/2017,0.079,SCW50.2,SCW50.2B420C16ppt,1,20C16ppt,20C16ppt
10/24/2017,0.074,SCW50.2,SCW50.2B420C16ppt,1,20C16ppt,20C16ppt
10/24/2017,0.11,SCW50.2,SCW50.2B420C16ppt,1,20C16ppt,20C16ppt
10/24/2017,0.073,SCW50.2,SCW50.2C220C16ppt,1,20C16ppt,20C16ppt
10/24/2017,0.076,SCW50.2,SCW50.2C220C16ppt,1,20C16ppt,20C16ppt
10/24/2017,0.069,SCW50.2,SCW50.2C220C16ppt,1,20C16ppt,20C16ppt
10/24/2017,0.075,SCW50.2,SCW50.2C220C16ppt,1,20C16ppt,20C16ppt
10/24/2017,0.076,SCW50,SCW50A120C16ppt,1,20C16ppt,20C16ppt
10/24/2017,0.069,SCW50,SCW50A120C16ppt,1,20C16ppt,20C16ppt
10/24/2017,0.072,SCW50,SCW50A120C16ppt,1,20C16ppt,20C16ppt
10/24/2017,0.076,SCW50,SCW50A120C16ppt,2,20C16ppt,20C16ppt
10/24/2017,0.078,SCW50,SCW50A120C16ppt,2,20C16ppt,20C16ppt
10/24/2017,0.115,SCW50,SCW50B320C16ppt,3,20C16ppt,20C16ppt
10/24/2017,0.105,SCW50,SCW50B320C16ppt,3,20C16ppt,20C16ppt
10/24/2017,0.105,SCW50,SCW50B320C16ppt,3,20C16ppt,20C16ppt
10/24/2017,0.117,SCW50,SCW50C220C16ppt,1,20C16ppt,20C16ppt
10/24/2017,0.12,SCW50,SCW50C220C16ppt,1,20C16ppt,20C16ppt
10/24/2017,0.121,SCW50,SCW50C220C16ppt,1,20C16ppt,20C16ppt
10/24/2017,0.114,SCW50,SCW50C220C16ppt,1,20C16ppt,20C16ppt
10/24/2017,0.077,W143.2,W143.2A320C16ppt,2,20C16ppt,20C16ppt
10/24/2017,0.078,W143.2,W143.2A320C16ppt,2,20C16ppt,20C16ppt
10/24/2017,0.07,W143.2,W143.2A320C16ppt,2,20C16ppt,20C16ppt
10/24/2017,0.077,W143.2,W143.2A320C16ppt,2,20C16ppt,20C16ppt
10/24/2017,0.076,W143.2,W143.2A420C16ppt,2,20C16ppt,20C16ppt
10/24/2017,0.084,W143.2,W143.2A420C16ppt,2,20C16ppt,20C16ppt
10/24/2017,0.079,W143.2,W143.2A420C16ppt,2,20C16ppt,20C16ppt
10/24/2017,0.071,W143.2,W143.2A420C16ppt,4,20C16ppt,20C16ppt
10/24/2017,0.067,W143.2,W143.2A420C16ppt,4,20C16ppt,20C16ppt
10/24/2017,0.072,W143.2,W143.2A420C16ppt,4,20C16ppt,20C16ppt
10/24/2017,0.069,W143.2,W143.2C320C16ppt,1,20C16ppt,20C16ppt
10/24/2017,0.072,W143.2,W143.2C320C16ppt,1,20C16ppt,20C16ppt
10/24/2017,0.065,W143.2,W143.2C320C16ppt,1,20C16ppt,20C16ppt
10/24/2017,0.078,W143.2,W143.2C320C16ppt,1,20C16ppt,20C16ppt
10/24/2017,0.068,W143,W143A320C16ppt,1,20C16ppt,20C16ppt
10/24/2017,0.072,W143,W143A320C16ppt,1,20C16ppt,20C16ppt
10/24/2017,0.078,W143,W143A320C16ppt,1,20C16ppt,20C16ppt
10/24/2017,0.071,W143,W143A320C16ppt,1,20C16ppt,20C16ppt
10/24/2017,0.077,W143,W143B220C16ppt,2,20C16ppt,20C16ppt
10/24/2017,0.072,W143,W143B220C16ppt,2,20C16ppt,20C16ppt
10/24/2017,0.069,W143,W143B220C16ppt,2,20C16ppt,20C16ppt
10/24/2017,0.064,W143,W143B220C16ppt,3,20C16ppt,20C16ppt
10/24/2017,0.076,W143,W143B220C16ppt,3,20C16ppt,20C16ppt
10/24/2017,0.084,W143,W143B220C16ppt,3,20C16ppt,20C16ppt
10/24/2017,0.065,W143,W143B420C16ppt,1,20C16ppt,20C16ppt
10/24/2017,0.068,W143,W143B420C16ppt,1,20C16ppt,20C16ppt
10/24/2017,0.066,W143,W143B420C16ppt,1,20C16ppt,20C16ppt
10/24/2017,0.104,W148,W148A120C16ppt,1,20C16ppt,20C16ppt
10/24/2017,0.107,W148,W148A120C16ppt,1,20C16ppt,20C16ppt
10/24/2017,0.109,W148,W148A120C16ppt,1,20C16ppt,20C16ppt
10/24/2017,0.14,W148,W148A320C16ppt,1,20C16ppt,20C16ppt
10/24/2017,0.135,W148,W148A320C16ppt,1,20C16ppt,20C16ppt
10/24/2017,0.138,W148,W148A320C16ppt,1,20C16ppt,20C16ppt
10/24/2017,0.129,W148,W148A320C16ppt,1,20C16ppt,20C16ppt
10/24/2017,0.073,W149.2,W149.2C120C16ppt,1,20C16ppt,20C16ppt
10/24/2017,0.065,W149.2,W149.2C120C16ppt,1,20C16ppt,20C16ppt
10/24/2017,0.071,W149.2,W149.2C120C16ppt,1,20C16ppt,20C16ppt
10/24/2017,0.069,W149.2,W149.2C220C16ppt,1,20C16ppt,20C16ppt
10/24/2017,0.073,W149.2,W149.2C220C16ppt,1,20C16ppt,20C16ppt
10/24/2017,0.071,W149.2,W149.2C220C16ppt,1,20C16ppt,20C16ppt
10/24/2017,0.076,W149,W149C420C16ppt,1,20C16ppt,20C16ppt
10/24/2017,0.075,W149,W149C420C16ppt,1,20C16ppt,20C16ppt
10/24/2017,0.077,W149,W149C420C16ppt,1,20C16ppt,20C16ppt
10/24/2017,0.066,W150,W150A120C16ppt,1,20C16ppt,20C16ppt
10/24/2017,0.064,W150,W150A120C16ppt,1,20C16ppt,20C16ppt
10/24/2017,0.081,W150,W150A120C16ppt,1,20C16ppt,20C16ppt
10/24/2017,0.078,W150,W150A120C16ppt,2,20C16ppt,20C16ppt
10/24/2017,0.073,W150,W150A120C16ppt,2,20C16ppt,20C16ppt
10/24/2017,0.074,W150,W150A420C16ppt,1,20C16ppt,20C16ppt
10/24/2017,0.071,W150,W150A420C16ppt,1,20C16ppt,20C16ppt
10/24/2017,0.076,W150,W150A420C16ppt,1,20C16ppt,20C16ppt
10/26/2017,0.102,SCW46,SCW46B120C16ppt,1,20C16ppt,20C16ppt
10/26/2017,0.097,SCW46,SCW46B120C16ppt,1,20C16ppt,20C16ppt
10/26/2017,0.103,SCW46,SCW46B120C16ppt,1,20C16ppt,20C16ppt
10/26/2017,0.103,SCW46,SCW46B120C16ppt,1,20C16ppt,20C16ppt
10/26/2017,0.064,SCW46,SCW46C320C16ppt,1,20C16ppt,20C16ppt
10/26/2017,0.058,SCW46,SCW46C320C16ppt,1,20C16ppt,20C16ppt
10/26/2017,0.068,SCW46,SCW46C320C16ppt,1,20C16ppt,20C16ppt
10/26/2017,0.062,SCW47,SCW47C120C16ppt,2,20C16ppt,20C16ppt
10/26/2017,0.073,SCW47,SCW47C120C16ppt,2,20C16ppt,20C16ppt
10/26/2017,0.079,SCW47,SCW47C120C16ppt,2,20C16ppt,20C16ppt
10/26/2017,0.072,SCW48.2,SCW48.2B420C16ppt,1,20C16ppt,20C16ppt
10/26/2017,0.069,SCW48.2,SCW48.2B420C16ppt,1,20C16ppt,20C16ppt
10/26/2017,0.064,SCW48.2,SCW48.2B420C16ppt,1,20C16ppt,20C16ppt
10/26/2017,0.07,SCW48.2,SCW48.2C120C16ppt,1,20C16ppt,20C16ppt
10/26/2017,0.076,SCW48.2,SCW48.2C120C16ppt,1,20C16ppt,20C16ppt
10/26/2017,0.071,SCW48.2,SCW48.2C120C16ppt,1,20C16ppt,20C16ppt
10/26/2017,0.075,SCW48.2,SCW48.2C120C16ppt,2,20C16ppt,20C16ppt
10/26/2017,0.069,SCW48.2,SCW48.2C120C16ppt,2,20C16ppt,20C16ppt
10/26/2017,0.073,SCW48.2,SCW48.2C120C16ppt,2,20C16ppt,20C16ppt
10/26/2017,0.068,SCW48.2,SCW48.2C320C16ppt,1,20C16ppt,20C16ppt
10/26/2017,0.069,SCW48.2,SCW48.2C320C16ppt,1,20C16ppt,20C16ppt
10/26/2017,0.069,SCW48.2,SCW48.2C320C16ppt,1,20C16ppt,20C16ppt
10/26/2017,0.071,SCW48,SCW48A420C16ppt,2,20C16ppt,20C16ppt
10/26/2017,0.07,SCW48,SCW48A420C16ppt,2,20C16ppt,20C16ppt
10/26/2017,0.073,SCW48,SCW48A420C16ppt,2,20C16ppt,20C16ppt
10/26/2017,0.075,SCW48,SCW48B120C32ppt,1,20C32ppt,20C32ppt
10/26/2017,0.07,SCW48,SCW48B120C32ppt,1,20C32ppt,20C32ppt
10/26/2017,0.07,SCW48,SCW48B120C32ppt,1,20C32ppt,20C32ppt
10/26/2017,0.066,SCW48,SCW48B220C16ppt,1,20C16ppt,20C16ppt
10/26/2017,0.07,SCW48,SCW48B220C16ppt,1,20C16ppt,20C16ppt
10/26/2017,0.07,SCW48,SCW48B220C16ppt,1,20C16ppt,20C16ppt
10/26/2017,0.065,SCW48,SCW48B220C32ppt,1,20C32ppt,20C32ppt
10/26/2017,0.073,SCW48,SCW48B220C32ppt,1,20C32ppt,20C32ppt
10/26/2017,0.071,SCW48,SCW48B220C32ppt,1,20C32ppt,20C32ppt
10/26/2017,0.113,SCW48,SCW48C320C32ppt,1,20C32ppt,20C32ppt
10/26/2017,0.108,SCW48,SCW48C320C32ppt,1,20C32ppt,20C32ppt
10/26/2017,0.116,SCW48,SCW48C320C32ppt,1,20C32ppt,20C32ppt
10/26/2017,0.108,SCW49,SCW49B320C16ppt,1,20C16ppt,20C16ppt
10/26/2017,0.105,SCW49,SCW49B320C16ppt,1,20C16ppt,20C16ppt
10/26/2017,0.112,SCW49,SCW49B320C16ppt,1,20C16ppt,20C16ppt
10/26/2017,0.112,SCW49,SCW49B320C16ppt,2,20C16ppt,20C16ppt
10/26/2017,0.106,SCW49,SCW49B320C16ppt,2,20C16ppt,20C16ppt
10/26/2017,0.108,SCW49,SCW49B320C16ppt,2,20C16ppt,20C16ppt
10/26/2017,0.063,SCW50.2,SCW50.2C220C16ppt,1,20C16ppt,20C16ppt
10/26/2017,0.064,SCW50.2,SCW50.2C220C16ppt,1,20C16ppt,20C16ppt
10/26/2017,0.069,SCW50.2,SCW50.2C220C16ppt,1,20C16ppt,20C16ppt
10/26/2017,0.075,SCW50.2,SCW50.2C220C16ppt,1,20C16ppt,20C16ppt
10/26/2017,0.086,SCW50,SCW50B320C16ppt,1,20C16ppt,20C16ppt
10/26/2017,0.102,SCW50,SCW50B320C16ppt,1,20C16ppt,20C16ppt
10/26/2017,0.085,SCW50,SCW50B320C16ppt,1,20C16ppt,20C16ppt
10/26/2017,0.115,SCW50,SCW50B320C16ppt,1,20C16ppt,20C16ppt
10/26/2017,0.073,W143,W143A420C16ppt,2,20C16ppt,20C16ppt
10/26/2017,0.069,W143,W143A420C16ppt,2,20C16ppt,20C16ppt
10/26/2017,0.075,W143,W143A420C16ppt,2,20C16ppt,20C16ppt
10/26/2017,0.069,W143,W143A420C16ppt,2,20C16ppt,20C16ppt
10/26/2017,0.072,W143,W143A420C16ppt,2,20C16ppt,20C16ppt
10/26/2017,0.072,W144,W144B120C16ppt,1,20C16ppt,20C16ppt
10/26/2017,0.073,W144,W144B120C16ppt,1,20C16ppt,20C16ppt
10/26/2017,0.077,W144,W144B120C16ppt,1,20C16ppt,20C16ppt
10/26/2017,0.064,W144,W144B420C16ppt,1,20C16ppt,20C16ppt
10/26/2017,0.059,W144,W144B420C16ppt,1,20C16ppt,20C16ppt
10/26/2017,0.069,W144,W144B420C16ppt,1,20C16ppt,20C16ppt
10/26/2017,0.073,W144,W144B420C16ppt,2,20C16ppt,20C16ppt
10/26/2017,0.071,W144,W144B420C16ppt,2,20C16ppt,20C16ppt
10/26/2017,0.068,W144,W144B420C16ppt,2,20C16ppt,20C16ppt
10/26/2017,0.115,W144,W144C320C16ppt,1,20C16ppt,20C16ppt
10/26/2017,0.1,W144,W144C320C16ppt,1,20C16ppt,20C16ppt
10/26/2017,0.111,W144,W144C320C16ppt,1,20C16ppt,20C16ppt
10/26/2017,0.108,W148,W148A120C16ppt,1,20C16ppt,20C16ppt
10/26/2017,0.121,W148,W148A120C16ppt,1,20C16ppt,20C16ppt
10/26/2017,0.11,W148,W148A120C16ppt,1,20C16ppt,20C16ppt
10/26/2017,0.071,W149.2,W149.2B320C16ppt,1,20C16ppt,20C16ppt
10/26/2017,0.073,W149.2,W149.2B320C16ppt,1,20C16ppt,20C16ppt
10/26/2017,0.065,W149.2,W149.2B320C16ppt,1,20C16ppt,20C16ppt
10/26/2017,0.086,W149,W149C420C16ppt,2,20C16ppt,20C16ppt
10/26/2017,0.077,W149,W149C420C16ppt,2,20C16ppt,20C16ppt
10/26/2017,0.077,W149,W149C420C16ppt,2,20C16ppt,20C16ppt
10/26/2017,0.119,W150.2,W150.2A420C16ppt,1,20C16ppt,20C16ppt
10/26/2017,0.119,W150.2,W150.2A420C16ppt,1,20C16ppt,20C16ppt
10/26/2017,0.119,W150.2,W150.2A420C16ppt,1,20C16ppt,20C16ppt
10/26/2017,0.119,W150.2,W150.2A420C16ppt,1,20C16ppt,20C16ppt
10/26/2017,0.067,W150.2,W150.2A420C32ppt,1,20C32ppt,20C32ppt
10/26/2017,0.067,W150.2,W150.2A420C32ppt,1,20C32ppt,20C32ppt
10/26/2017,0.071,W150.2,W150.2A420C32ppt,1,20C32ppt,20C32ppt
10/26/2017,0.133,W150.2,W150.2B220C32ppt,1,20C32ppt,20C32ppt
10/26/2017,0.111,W150.2,W150.2B220C32ppt,1,20C32ppt,20C32ppt
10/26/2017,0.115,W150.2,W150.2B220C32ppt,1,20C32ppt,20C32ppt
10/26/2017,0.075,W150,W150B420C16ppt,2,20C16ppt,20C16ppt
10/26/2017,0.071,W150,W150B420C16ppt,2,20C16ppt,20C16ppt
10/26/2017,0.072,W150,W150B420C16ppt,2,20C16ppt,20C16ppt
10/26/2017,0.075,W150,W150B420C16ppt,2,20C16ppt,20C16ppt
10/26/2017,0.126,W150,W150C420C16ppt,1,20C16ppt,20C16ppt
10/26/2017,0.122,W150,W150C420C16ppt,1,20C16ppt,20C16ppt
10/26/2017,0.116,W150,W150C420C16ppt,1,20C16ppt,20C16ppt
10/26/2017,0.118,W150,W150C420C16ppt,1,20C16ppt,20C16ppt
